2026/07/28 09:31:48.589, 0, NVIDIA H200, 0, 143771, 0, 80.33
2026/07/28 09:31:48.590, 1, NVIDIA H200, 0, 143771, 0, 83.55
2026/07/28 09:31:48.590, 2, NVIDIA H200, 0, 143771, 0, 79.25
2026/07/28 09:31:48.591, 3, NVIDIA H200, 0, 143771, 0, 80.37
2026/07/28 09:31:48.592, 4, NVIDIA H200, 0, 143771, 0, 80.84
2026/07/28 09:31:48.592, 5, NVIDIA H200, 0, 143771, 0, 81.96
2026/07/28 09:31:48.593, 6, NVIDIA H200, 0, 143771, 0, 81.02
2026/07/28 09:31:48.594, 7, NVIDIA H200, 0, 143771, 0, 79.76
2026/07/28 09:31:50.594, 0, NVIDIA H200, 0, 143771, 0, 80.34
2026/07/28 09:31:50.595, 1, NVIDIA H200, 0, 143771, 0, 83.55
2026/07/28 09:31:50.595, 2, NVIDIA H200, 0, 143771, 0, 79.23
2026/07/28 09:31:50.595, 3, NVIDIA H200, 0, 143771, 0, 80.15
2026/07/28 09:31:50.595, 4, NVIDIA H200, 0, 143771, 0, 80.92
2026/07/28 09:31:50.596, 5, NVIDIA H200, 0, 143771, 0, 81.91
2026/07/28 09:31:50.596, 6, NVIDIA H200, 0, 143771, 0, 81.01
2026/07/28 09:31:50.596, 7, NVIDIA H200, 0, 143771, 0, 79.73
2026/07/28 09:31:52.596, 0, NVIDIA H200, 0, 143771, 0, 80.32
2026/07/28 09:31:52.596, 1, NVIDIA H200, 0, 143771, 0, 83.51
2026/07/28 09:31:52.596, 2, NVIDIA H200, 0, 143771, 0, 79.20
2026/07/28 09:31:52.596, 3, NVIDIA H200, 0, 143771, 0, 80.17
2026/07/28 09:31:52.596, 4, NVIDIA H200, 0, 143771, 0, 80.84
2026/07/28 09:31:52.596, 5, NVIDIA H200, 0, 143771, 0, 81.90
2026/07/28 09:31:52.596, 6, NVIDIA H200, 0, 143771, 0, 80.96
2026/07/28 09:31:52.596, 7, NVIDIA H200, 0, 143771, 0, 79.72
2026/07/28 09:31:54.596, 0, NVIDIA H200, 0, 143771, 0, 80.27
2026/07/28 09:31:54.597, 1, NVIDIA H200, 0, 143771, 0, 83.54
2026/07/28 09:31:54.597, 2, NVIDIA H200, 0, 143771, 0, 79.22
2026/07/28 09:31:54.597, 3, NVIDIA H200, 0, 143771, 0, 80.19
2026/07/28 09:31:54.597, 4, NVIDIA H200, 0, 143771, 0, 80.87
2026/07/28 09:31:54.597, 5, NVIDIA H200, 0, 143771, 0, 81.97
2026/07/28 09:31:54.597, 6, NVIDIA H200, 0, 143771, 0, 80.90
2026/07/28 09:31:54.597, 7, NVIDIA H200, 0, 143771, 0, 79.70
2026/07/28 09:31:56.597, 0, NVIDIA H200, 0, 143771, 0, 80.30
2026/07/28 09:31:56.597, 1, NVIDIA H200, 0, 143771, 0, 83.57
2026/07/28 09:31:56.597, 2, NVIDIA H200, 0, 143771, 0, 79.19
2026/07/28 09:31:56.597, 3, NVIDIA H200, 0, 143771, 0, 80.32
2026/07/28 09:31:56.597, 4, NVIDIA H200, 0, 143771, 0, 80.90
2026/07/28 09:31:56.597, 5, NVIDIA H200, 0, 143771, 0, 81.88
2026/07/28 09:31:56.597, 6, NVIDIA H200, 0, 143771, 0, 80.91
2026/07/28 09:31:56.597, 7, NVIDIA H200, 0, 143771, 0, 79.71
2026/07/28 09:31:58.598, 0, NVIDIA H200, 0, 143771, 0, 80.28
2026/07/28 09:31:58.598, 1, NVIDIA H200, 0, 143771, 0, 83.46
2026/07/28 09:31:58.598, 2, NVIDIA H200, 0, 143771, 0, 79.21
2026/07/28 09:31:58.598, 3, NVIDIA H200, 0, 143771, 0, 80.06
2026/07/28 09:31:58.598, 4, NVIDIA H200, 0, 143771, 0, 80.82
2026/07/28 09:31:58.598, 5, NVIDIA H200, 0, 143771, 0, 81.97
2026/07/28 09:31:58.598, 6, NVIDIA H200, 0, 143771, 0, 80.92
2026/07/28 09:31:58.598, 7, NVIDIA H200, 0, 143771, 0, 79.71
2026/07/28 09:32:00.598, 0, NVIDIA H200, 0, 143771, 0, 80.25
2026/07/28 09:32:00.599, 1, NVIDIA H200, 0, 143771, 0, 83.50
2026/07/28 09:32:00.599, 2, NVIDIA H200, 0, 143771, 0, 79.17
2026/07/28 09:32:00.599, 3, NVIDIA H200, 0, 143771, 0, 80.10
2026/07/28 09:32:00.599, 4, NVIDIA H200, 0, 143771, 0, 80.82
2026/07/28 09:32:00.599, 5, NVIDIA H200, 0, 143771, 0, 81.87
2026/07/28 09:32:00.599, 6, NVIDIA H200, 0, 143771, 0, 80.88
2026/07/28 09:32:00.599, 7, NVIDIA H200, 0, 143771, 0, 79.70
2026/07/28 09:32:02.600, 0, NVIDIA H200, 1, 143771, 0, 80.23
2026/07/28 09:32:02.702, 1, NVIDIA H200, 1, 143771, 0, 83.49
2026/07/28 09:32:02.702, 2, NVIDIA H200, 1, 143771, 0, 79.19
2026/07/28 09:32:02.702, 3, NVIDIA H200, 1, 143771, 0, 80.11
2026/07/28 09:32:02.702, 4, NVIDIA H200, 1, 143771, 0, 80.83
2026/07/28 09:32:02.702, 5, NVIDIA H200, 1, 143771, 0, 81.93
2026/07/28 09:32:02.702, 6, NVIDIA H200, 1, 143771, 0, 80.86
2026/07/28 09:32:02.702, 7, NVIDIA H200, 1, 143771, 0, 79.67
2026/07/28 09:32:04.702, 0, NVIDIA H200, 4, 143771, 0, 80.23
2026/07/28 09:32:04.705, 1, NVIDIA H200, 4, 143771, 0, 83.47
2026/07/28 09:32:04.706, 2, NVIDIA H200, 4, 143771, 0, 82.16
2026/07/28 09:32:04.706, 3, NVIDIA H200, 4, 143771, 0, 83.44
2026/07/28 09:32:04.707, 4, NVIDIA H200, 4, 143771, 0, 80.72
2026/07/28 09:32:04.707, 5, NVIDIA H200, 4, 143771, 0, 81.87
2026/07/28 09:32:04.707, 6, NVIDIA H200, 4, 143771, 0, 80.87
2026/07/28 09:32:04.707, 7, NVIDIA H200, 1, 143771, 0, 79.69
2026/07/28 09:32:06.707, 0, NVIDIA H200, 4, 143771, 0, 80.17
2026/07/28 09:32:06.707, 1, NVIDIA H200, 4, 143771, 0, 83.44
2026/07/28 09:32:06.707, 2, NVIDIA H200, 4, 143771, 0, 79.20
2026/07/28 09:32:06.707, 3, NVIDIA H200, 4, 143771, 0, 80.27
2026/07/28 09:32:06.707, 4, NVIDIA H200, 4, 143771, 0, 80.78
2026/07/28 09:32:06.707, 5, NVIDIA H200, 4, 143771, 0, 81.84
2026/07/28 09:32:06.707, 6, NVIDIA H200, 4, 143771, 0, 80.83
2026/07/28 09:32:06.707, 7, NVIDIA H200, 4, 143771, 0, 79.66
2026/07/28 09:32:08.708, 0, NVIDIA H200, 4, 143771, 0, 80.15
2026/07/28 09:32:08.708, 1, NVIDIA H200, 4, 143771, 0, 83.46
2026/07/28 09:32:08.708, 2, NVIDIA H200, 4, 143771, 0, 79.22
2026/07/28 09:32:08.708, 3, NVIDIA H200, 4, 143771, 0, 79.99
2026/07/28 09:32:08.708, 4, NVIDIA H200, 4, 143771, 0, 80.75
2026/07/28 09:32:08.708, 5, NVIDIA H200, 4, 143771, 0, 81.90
2026/07/28 09:32:08.708, 6, NVIDIA H200, 4, 143771, 0, 80.81
2026/07/28 09:32:08.708, 7, NVIDIA H200, 4, 143771, 0, 79.70
2026/07/28 09:32:10.708, 0, NVIDIA H200, 4, 143771, 0, 80.17
2026/07/28 09:32:10.708, 1, NVIDIA H200, 4, 143771, 0, 83.44
2026/07/28 09:32:10.708, 2, NVIDIA H200, 4, 143771, 0, 79.20
2026/07/28 09:32:10.708, 3, NVIDIA H200, 4, 143771, 0, 80.02
2026/07/28 09:32:10.708, 4, NVIDIA H200, 4, 143771, 0, 80.71
2026/07/28 09:32:10.708, 5, NVIDIA H200, 4, 143771, 0, 81.85
2026/07/28 09:32:10.708, 6, NVIDIA H200, 4, 143771, 0, 80.81
2026/07/28 09:32:10.710, 7, NVIDIA H200, 4, 143771, 0, 79.61
2026/07/28 09:32:12.711, 0, NVIDIA H200, 4, 143771, 0, 80.12
2026/07/28 09:32:12.711, 1, NVIDIA H200, 4, 143771, 0, 83.41
2026/07/28 09:32:12.711, 2, NVIDIA H200, 4, 143771, 0, 79.17
2026/07/28 09:32:12.711, 3, NVIDIA H200, 4, 143771, 0, 80.03
2026/07/28 09:32:12.711, 4, NVIDIA H200, 4, 143771, 0, 80.70
2026/07/28 09:32:12.711, 5, NVIDIA H200, 4, 143771, 0, 81.93
2026/07/28 09:32:12.711, 6, NVIDIA H200, 4, 143771, 0, 80.83
2026/07/28 09:32:12.711, 7, NVIDIA H200, 4, 143771, 0, 79.65
2026/07/28 09:32:14.712, 0, NVIDIA H200, 4, 143771, 0, 80.12
2026/07/28 09:32:14.712, 1, NVIDIA H200, 4, 143771, 0, 83.43
2026/07/28 09:32:14.712, 2, NVIDIA H200, 4, 143771, 0, 79.15
2026/07/28 09:32:14.712, 3, NVIDIA H200, 4, 143771, 0, 80.04
2026/07/28 09:32:14.712, 4, NVIDIA H200, 4, 143771, 0, 80.68
2026/07/28 09:32:14.712, 5, NVIDIA H200, 4, 143771, 0, 81.82
2026/07/28 09:32:14.712, 6, NVIDIA H200, 4, 143771, 0, 80.80
2026/07/28 09:32:14.712, 7, NVIDIA H200, 4, 143771, 0, 79.64
2026/07/28 09:32:16.712, 0, NVIDIA H200, 4, 143771, 0, 80.12
2026/07/28 09:32:16.712, 1, NVIDIA H200, 4, 143771, 0, 83.41
2026/07/28 09:32:16.712, 2, NVIDIA H200, 4, 143771, 0, 79.15
2026/07/28 09:32:16.712, 3, NVIDIA H200, 4, 143771, 0, 80.24
2026/07/28 09:32:16.712, 4, NVIDIA H200, 4, 143771, 0, 80.70
2026/07/28 09:32:16.712, 5, NVIDIA H200, 4, 143771, 0, 81.95
2026/07/28 09:32:16.712, 6, NVIDIA H200, 4, 143771, 0, 80.70
2026/07/28 09:32:16.713, 7, NVIDIA H200, 4, 143771, 0, 79.69
2026/07/28 09:32:18.713, 0, NVIDIA H200, 4, 143771, 0, 80.09
2026/07/28 09:32:18.713, 1, NVIDIA H200, 4, 143771, 0, 83.43
2026/07/28 09:32:18.713, 2, NVIDIA H200, 4, 143771, 0, 79.14
2026/07/28 09:32:18.713, 3, NVIDIA H200, 4, 143771, 0, 80.01
2026/07/28 09:32:18.713, 4, NVIDIA H200, 4, 143771, 0, 80.61
2026/07/28 09:32:18.713, 5, NVIDIA H200, 4, 143771, 0, 81.81
2026/07/28 09:32:18.713, 6, NVIDIA H200, 4, 143771, 0, 80.78
2026/07/28 09:32:18.713, 7, NVIDIA H200, 4, 143771, 0, 79.63
2026/07/28 09:32:20.713, 0, NVIDIA H200, 4, 143771, 0, 80.08
2026/07/28 09:32:20.714, 1, NVIDIA H200, 4, 143771, 0, 83.44
2026/07/28 09:32:20.714, 2, NVIDIA H200, 4, 143771, 0, 79.15
2026/07/28 09:32:20.714, 3, NVIDIA H200, 4, 143771, 0, 79.91
2026/07/28 09:32:20.714, 4, NVIDIA H200, 4, 143771, 0, 80.71
2026/07/28 09:32:20.714, 5, NVIDIA H200, 4, 143771, 0, 81.86
2026/07/28 09:32:20.714, 6, NVIDIA H200, 4, 143771, 0, 80.74
2026/07/28 09:32:20.714, 7, NVIDIA H200, 4, 143771, 0, 79.68
2026/07/28 09:32:22.714, 0, NVIDIA H200, 4, 143771, 0, 80.07
2026/07/28 09:32:22.715, 1, NVIDIA H200, 4, 143771, 0, 83.48
2026/07/28 09:32:22.716, 2, NVIDIA H200, 4, 143771, 0, 79.17
2026/07/28 09:32:22.716, 3, NVIDIA H200, 4, 143771, 0, 80.06
2026/07/28 09:32:22.716, 4, NVIDIA H200, 4, 143771, 0, 80.65
2026/07/28 09:32:22.716, 5, NVIDIA H200, 4, 143771, 0, 81.82
2026/07/28 09:32:22.716, 6, NVIDIA H200, 4, 143771, 0, 80.75
2026/07/28 09:32:22.716, 7, NVIDIA H200, 4, 143771, 0, 79.66
2026/07/28 09:32:24.716, 0, NVIDIA H200, 4, 143771, 0, 80.05
2026/07/28 09:32:24.717, 1, NVIDIA H200, 4, 143771, 0, 83.42
2026/07/28 09:32:24.717, 2, NVIDIA H200, 4, 143771, 0, 79.14
2026/07/28 09:32:24.717, 3, NVIDIA H200, 4, 143771, 0, 80.46
2026/07/28 09:32:24.717, 4, NVIDIA H200, 4, 143771, 0, 80.61
2026/07/28 09:32:24.717, 5, NVIDIA H200, 4, 143771, 0, 81.82
2026/07/28 09:32:24.717, 6, NVIDIA H200, 4, 143771, 0, 80.75
2026/07/28 09:32:24.717, 7, NVIDIA H200, 4, 143771, 0, 79.63
2026/07/28 09:32:26.717, 0, NVIDIA H200, 4, 143771, 0, 80.05
2026/07/28 09:32:26.717, 1, NVIDIA H200, 4, 143771, 0, 83.45
2026/07/28 09:32:26.717, 2, NVIDIA H200, 4, 143771, 0, 79.13
2026/07/28 09:32:26.717, 3, NVIDIA H200, 4, 143771, 0, 80.46
2026/07/28 09:32:26.717, 4, NVIDIA H200, 4, 143771, 0, 80.59
2026/07/28 09:32:26.717, 5, NVIDIA H200, 4, 143771, 0, 81.87
2026/07/28 09:32:26.717, 6, NVIDIA H200, 4, 143771, 0, 80.71
2026/07/28 09:32:26.717, 7, NVIDIA H200, 4, 143771, 0, 79.64
2026/07/28 09:32:28.718, 0, NVIDIA H200, 4, 143771, 0, 80.02
2026/07/28 09:32:28.718, 1, NVIDIA H200, 4, 143771, 0, 83.43
2026/07/28 09:32:28.718, 2, NVIDIA H200, 4, 143771, 0, 79.15
2026/07/28 09:32:28.718, 3, NVIDIA H200, 4, 143771, 0, 80.61
2026/07/28 09:32:28.718, 4, NVIDIA H200, 4, 143771, 0, 80.54
2026/07/28 09:32:28.718, 5, NVIDIA H200, 4, 143771, 0, 81.80
2026/07/28 09:32:28.718, 6, NVIDIA H200, 4, 143771, 0, 80.72
2026/07/28 09:32:28.718, 7, NVIDIA H200, 4, 143771, 0, 79.65
2026/07/28 09:32:30.718, 0, NVIDIA H200, 4, 143771, 0, 80.07
2026/07/28 09:32:30.718, 1, NVIDIA H200, 4, 143771, 0, 83.44
2026/07/28 09:32:30.718, 2, NVIDIA H200, 4, 143771, 0, 79.17
2026/07/28 09:32:30.718, 3, NVIDIA H200, 4, 143771, 0, 80.43
2026/07/28 09:32:30.719, 4, NVIDIA H200, 4, 143771, 0, 80.55
2026/07/28 09:32:30.719, 5, NVIDIA H200, 4, 143771, 0, 81.89
2026/07/28 09:32:30.719, 6, NVIDIA H200, 4, 143771, 0, 80.68
2026/07/28 09:32:30.719, 7, NVIDIA H200, 4, 143771, 0, 79.63
2026/07/28 09:32:32.719, 0, NVIDIA H200, 4, 143771, 0, 80.00
2026/07/28 09:32:32.719, 1, NVIDIA H200, 4, 143771, 0, 83.35
2026/07/28 09:32:32.719, 2, NVIDIA H200, 4, 143771, 0, 79.15
2026/07/28 09:32:32.719, 3, NVIDIA H200, 4, 143771, 0, 80.29
2026/07/28 09:32:32.719, 4, NVIDIA H200, 4, 143771, 0, 80.58
2026/07/28 09:32:32.719, 5, NVIDIA H200, 4, 143771, 0, 81.77
2026/07/28 09:32:32.719, 6, NVIDIA H200, 4, 143771, 0, 80.68
2026/07/28 09:32:32.719, 7, NVIDIA H200, 4, 143771, 0, 79.62
2026/07/28 09:32:34.719, 0, NVIDIA H200, 4, 143771, 0, 80.02
2026/07/28 09:32:34.720, 1, NVIDIA H200, 4, 143771, 0, 83.40
2026/07/28 09:32:34.720, 2, NVIDIA H200, 4, 143771, 0, 79.11
2026/07/28 09:32:34.720, 3, NVIDIA H200, 4, 143771, 0, 80.40
2026/07/28 09:32:34.720, 4, NVIDIA H200, 4, 143771, 0, 80.56
2026/07/28 09:32:34.720, 5, NVIDIA H200, 4, 143771, 0, 81.86
2026/07/28 09:32:34.720, 6, NVIDIA H200, 4, 143771, 0, 80.65
2026/07/28 09:32:34.720, 7, NVIDIA H200, 4, 143771, 0, 79.62
2026/07/28 09:32:36.720, 0, NVIDIA H200, 4, 143771, 0, 80.02
2026/07/28 09:32:36.720, 1, NVIDIA H200, 4, 143771, 0, 83.38
2026/07/28 09:32:36.720, 2, NVIDIA H200, 4, 143771, 0, 79.13
2026/07/28 09:32:36.720, 3, NVIDIA H200, 4, 143771, 0, 80.36
2026/07/28 09:32:36.720, 4, NVIDIA H200, 4, 143771, 0, 80.55
2026/07/28 09:32:36.720, 5, NVIDIA H200, 4, 143771, 0, 81.75
2026/07/28 09:32:36.720, 6, NVIDIA H200, 4, 143771, 0, 80.60
2026/07/28 09:32:36.720, 7, NVIDIA H200, 4, 143771, 0, 79.60
2026/07/28 09:32:38.721, 0, NVIDIA H200, 4, 143771, 0, 80.06
2026/07/28 09:32:38.721, 1, NVIDIA H200, 4, 143771, 0, 83.39
2026/07/28 09:32:38.721, 2, NVIDIA H200, 4, 143771, 0, 79.11
2026/07/28 09:32:38.721, 3, NVIDIA H200, 4, 143771, 0, 80.39
2026/07/28 09:32:38.721, 4, NVIDIA H200, 4, 143771, 0, 80.50
2026/07/28 09:32:38.721, 5, NVIDIA H200, 4, 143771, 0, 81.83
2026/07/28 09:32:38.721, 6, NVIDIA H200, 4, 143771, 0, 80.66
2026/07/28 09:32:38.721, 7, NVIDIA H200, 4, 143771, 0, 79.60
2026/07/28 09:32:40.721, 0, NVIDIA H200, 4, 143771, 0, 80.17
2026/07/28 09:32:40.721, 1, NVIDIA H200, 4, 143771, 0, 83.40
2026/07/28 09:32:40.721, 2, NVIDIA H200, 4, 143771, 0, 79.10
2026/07/28 09:32:40.721, 3, NVIDIA H200, 4, 143771, 0, 80.46
2026/07/28 09:32:40.722, 4, NVIDIA H200, 4, 143771, 0, 80.51
2026/07/28 09:32:40.722, 5, NVIDIA H200, 4, 143771, 0, 81.78
2026/07/28 09:32:40.722, 6, NVIDIA H200, 4, 143771, 0, 80.62
2026/07/28 09:32:40.722, 7, NVIDIA H200, 4, 143771, 0, 79.58
2026/07/28 09:32:42.722, 0, NVIDIA H200, 4, 143771, 0, 80.14
2026/07/28 09:32:42.755, 1, NVIDIA H200, 4, 143771, 0, 83.41
2026/07/28 09:32:42.769, 2, NVIDIA H200, 4, 143771, 0, 79.08
2026/07/28 09:32:42.776, 3, NVIDIA H200, 4, 143771, 0, 80.56
2026/07/28 09:32:42.776, 4, NVIDIA H200, 4, 143771, 0, 80.56
2026/07/28 09:32:42.778, 5, NVIDIA H200, 4, 143771, 0, 81.92
2026/07/28 09:32:42.782, 6, NVIDIA H200, 4, 143771, 0, 80.65
2026/07/28 09:32:42.784, 7, NVIDIA H200, 4, 143771, 0, 79.62
2026/07/28 09:32:44.791, 0, NVIDIA H200, 4, 143771, 0, 80.13
2026/07/28 09:32:44.791, 1, NVIDIA H200, 4, 143771, 0, 83.37
2026/07/28 09:32:44.791, 2, NVIDIA H200, 4, 143771, 0, 79.13
2026/07/28 09:32:44.791, 3, NVIDIA H200, 4, 143771, 0, 80.38
2026/07/28 09:32:44.791, 4, NVIDIA H200, 4, 143771, 0, 80.52
2026/07/28 09:32:44.791, 5, NVIDIA H200, 4, 143771, 0, 81.76
2026/07/28 09:32:44.791, 6, NVIDIA H200, 4, 143771, 0, 80.63
2026/07/28 09:32:44.791, 7, NVIDIA H200, 4, 143771, 0, 79.58
2026/07/28 09:32:46.791, 0, NVIDIA H200, 4, 143771, 0, 80.10
2026/07/28 09:32:46.792, 1, NVIDIA H200, 4, 143771, 0, 83.39
2026/07/28 09:32:46.792, 2, NVIDIA H200, 4, 143771, 0, 79.07
2026/07/28 09:32:46.792, 3, NVIDIA H200, 4, 143771, 0, 80.23
2026/07/28 09:32:46.792, 4, NVIDIA H200, 4, 143771, 0, 80.46
2026/07/28 09:32:46.792, 5, NVIDIA H200, 4, 143771, 0, 81.85
2026/07/28 09:32:46.792, 6, NVIDIA H200, 4, 143771, 0, 80.60
2026/07/28 09:32:46.792, 7, NVIDIA H200, 4, 143771, 0, 79.59
2026/07/28 09:32:48.792, 0, NVIDIA H200, 4, 143771, 0, 80.09
2026/07/28 09:32:48.792, 1, NVIDIA H200, 4, 143771, 0, 83.36
2026/07/28 09:32:48.793, 2, NVIDIA H200, 4, 143771, 0, 79.10
2026/07/28 09:32:48.793, 3, NVIDIA H200, 4, 143771, 0, 80.25
2026/07/28 09:32:48.793, 4, NVIDIA H200, 4, 143771, 0, 80.45
2026/07/28 09:32:48.793, 5, NVIDIA H200, 4, 143771, 0, 81.76
2026/07/28 09:32:48.793, 6, NVIDIA H200, 4, 143771, 0, 80.55
2026/07/28 09:32:48.793, 7, NVIDIA H200, 4, 143771, 0, 79.56
2026/07/28 09:32:50.793, 0, NVIDIA H200, 4, 143771, 0, 80.14
2026/07/28 09:32:50.793, 1, NVIDIA H200, 4, 143771, 0, 83.42
2026/07/28 09:32:50.793, 2, NVIDIA H200, 4, 143771, 0, 79.08
2026/07/28 09:32:50.793, 3, NVIDIA H200, 4, 143771, 0, 80.31
2026/07/28 09:32:50.793, 4, NVIDIA H200, 4, 143771, 0, 80.46
2026/07/28 09:32:50.793, 5, NVIDIA H200, 4, 143771, 0, 81.78
2026/07/28 09:32:50.793, 6, NVIDIA H200, 4, 143771, 0, 80.54
2026/07/28 09:32:50.794, 7, NVIDIA H200, 4, 143771, 0, 79.61
2026/07/28 09:32:52.795, 0, NVIDIA H200, 4, 143771, 0, 80.08
2026/07/28 09:32:52.795, 1, NVIDIA H200, 4, 143771, 0, 83.61
2026/07/28 09:32:52.795, 2, NVIDIA H200, 4, 143771, 0, 79.11
2026/07/28 09:32:52.795, 3, NVIDIA H200, 4, 143771, 0, 80.33
2026/07/28 09:32:52.795, 4, NVIDIA H200, 4, 143771, 0, 80.44
2026/07/28 09:32:52.795, 5, NVIDIA H200, 4, 143771, 0, 81.75
2026/07/28 09:32:52.795, 6, NVIDIA H200, 4, 143771, 0, 80.52
2026/07/28 09:32:52.795, 7, NVIDIA H200, 4, 143771, 0, 79.59
2026/07/28 09:32:54.795, 0, NVIDIA H200, 4, 143771, 0, 80.06
2026/07/28 09:32:54.796, 1, NVIDIA H200, 4, 143771, 0, 83.64
2026/07/28 09:32:54.797, 2, NVIDIA H200, 4, 143771, 0, 79.11
2026/07/28 09:32:54.797, 3, NVIDIA H200, 4, 143771, 0, 80.31
2026/07/28 09:32:54.797, 4, NVIDIA H200, 4, 143771, 0, 80.44
2026/07/28 09:32:54.797, 5, NVIDIA H200, 4, 143771, 0, 81.80
2026/07/28 09:32:54.797, 6, NVIDIA H200, 4, 143771, 0, 80.53
2026/07/28 09:32:54.798, 7, NVIDIA H200, 4, 143771, 0, 79.59
2026/07/28 09:32:56.798, 0, NVIDIA H200, 4, 143771, 0, 80.03
2026/07/28 09:32:56.799, 1, NVIDIA H200, 4, 143771, 0, 83.60
2026/07/28 09:32:56.799, 2, NVIDIA H200, 4, 143771, 0, 79.11
2026/07/28 09:32:56.799, 3, NVIDIA H200, 4, 143771, 0, 80.38
2026/07/28 09:32:56.799, 4, NVIDIA H200, 4, 143771, 0, 80.42
2026/07/28 09:32:56.799, 5, NVIDIA H200, 4, 143771, 0, 81.73
2026/07/28 09:32:56.799, 6, NVIDIA H200, 4, 143771, 0, 80.51
2026/07/28 09:32:56.799, 7, NVIDIA H200, 4, 143771, 0, 79.59
2026/07/28 09:32:58.799, 0, NVIDIA H200, 4, 143771, 0, 80.05
2026/07/28 09:32:58.803, 1, NVIDIA H200, 4, 143771, 0, 83.64
2026/07/28 09:32:58.803, 2, NVIDIA H200, 4, 143771, 0, 79.07
2026/07/28 09:32:58.803, 3, NVIDIA H200, 4, 143771, 0, 80.50
2026/07/28 09:32:58.803, 4, NVIDIA H200, 4, 143771, 0, 80.42
2026/07/28 09:32:58.807, 5, NVIDIA H200, 4, 143771, 0, 81.76
2026/07/28 09:32:58.820, 6, NVIDIA H200, 4, 143771, 0, 80.54
2026/07/28 09:32:58.842, 7, NVIDIA H200, 4, 143771, 0, 79.58
2026/07/28 09:33:00.860, 0, NVIDIA H200, 4, 143771, 0, 80.03
2026/07/28 09:33:00.860, 1, NVIDIA H200, 4, 143771, 0, 83.58
2026/07/28 09:33:00.860, 2, NVIDIA H200, 4, 143771, 0, 79.06
2026/07/28 09:33:00.860, 3, NVIDIA H200, 4, 143771, 0, 80.31
2026/07/28 09:33:00.860, 4, NVIDIA H200, 4, 143771, 0, 80.40
2026/07/28 09:33:00.860, 5, NVIDIA H200, 4, 143771, 0, 81.75
2026/07/28 09:33:00.860, 6, NVIDIA H200, 4, 143771, 0, 80.50
2026/07/28 09:33:00.860, 7, NVIDIA H200, 4, 143771, 0, 79.55
2026/07/28 09:33:02.861, 0, NVIDIA H200, 4, 143771, 0, 80.06
2026/07/28 09:33:02.861, 1, NVIDIA H200, 4, 143771, 0, 83.57
2026/07/28 09:33:02.861, 2, NVIDIA H200, 4, 143771, 0, 79.08
2026/07/28 09:33:02.861, 3, NVIDIA H200, 4, 143771, 0, 80.18
2026/07/28 09:33:02.861, 4, NVIDIA H200, 4, 143771, 0, 80.39
2026/07/28 09:33:02.861, 5, NVIDIA H200, 4, 143771, 0, 81.75
2026/07/28 09:33:02.861, 6, NVIDIA H200, 4, 143771, 0, 80.51
2026/07/28 09:33:02.861, 7, NVIDIA H200, 4, 143771, 0, 79.58
2026/07/28 09:33:04.861, 0, NVIDIA H200, 4, 143771, 0, 80.05
2026/07/28 09:33:04.889, 1, NVIDIA H200, 4, 143771, 0, 83.60
2026/07/28 09:33:04.890, 2, NVIDIA H200, 4, 143771, 0, 79.09
2026/07/28 09:33:04.891, 3, NVIDIA H200, 4, 143771, 0, 80.24
2026/07/28 09:33:04.893, 4, NVIDIA H200, 4, 143771, 0, 80.36
2026/07/28 09:33:04.896, 5, NVIDIA H200, 4, 143771, 0, 81.75
2026/07/28 09:33:04.898, 6, NVIDIA H200, 4, 143771, 0, 80.54
2026/07/28 09:33:04.898, 7, NVIDIA H200, 4, 143771, 0, 79.58
2026/07/28 09:33:06.900, 0, NVIDIA H200, 4, 143771, 0, 80.03
2026/07/28 09:33:06.900, 1, NVIDIA H200, 4, 143771, 0, 83.57
2026/07/28 09:33:06.900, 2, NVIDIA H200, 4, 143771, 0, 79.07
2026/07/28 09:33:06.900, 3, NVIDIA H200, 4, 143771, 0, 80.21
2026/07/28 09:33:06.901, 4, NVIDIA H200, 4, 143771, 0, 80.36
2026/07/28 09:33:06.901, 5, NVIDIA H200, 4, 143771, 0, 81.80
2026/07/28 09:33:06.901, 6, NVIDIA H200, 4, 143771, 0, 80.47
2026/07/28 09:33:06.901, 7, NVIDIA H200, 4, 143771, 0, 79.56
2026/07/28 09:33:08.901, 0, NVIDIA H200, 4, 143771, 0, 79.99
2026/07/28 09:33:08.901, 1, NVIDIA H200, 4, 143771, 0, 83.60
2026/07/28 09:33:08.901, 2, NVIDIA H200, 4, 143771, 0, 79.10
2026/07/28 09:33:08.901, 3, NVIDIA H200, 4, 143771, 0, 80.24
2026/07/28 09:33:08.901, 4, NVIDIA H200, 4, 143771, 0, 80.36
2026/07/28 09:33:08.901, 5, NVIDIA H200, 4, 143771, 0, 81.71
2026/07/28 09:33:08.901, 6, NVIDIA H200, 4, 143771, 0, 80.43
2026/07/28 09:33:08.901, 7, NVIDIA H200, 4, 143771, 0, 79.56
2026/07/28 09:33:10.901, 0, NVIDIA H200, 4, 143771, 0, 80.00
2026/07/28 09:33:10.902, 1, NVIDIA H200, 4, 143771, 0, 83.61
2026/07/28 09:33:10.902, 2, NVIDIA H200, 4, 143771, 0, 79.08
2026/07/28 09:33:10.902, 3, NVIDIA H200, 4, 143771, 0, 80.26
2026/07/28 09:33:10.902, 4, NVIDIA H200, 4, 143771, 0, 80.36
2026/07/28 09:33:10.902, 5, NVIDIA H200, 4, 143771, 0, 81.81
2026/07/28 09:33:10.902, 6, NVIDIA H200, 4, 143771, 0, 80.47
2026/07/28 09:33:10.902, 7, NVIDIA H200, 4, 143771, 0, 79.54
2026/07/28 09:33:12.903, 0, NVIDIA H200, 4, 143771, 0, 80.01
2026/07/28 09:33:12.904, 1, NVIDIA H200, 4, 143771, 0, 83.59
2026/07/28 09:33:12.904, 2, NVIDIA H200, 4, 143771, 0, 79.09
2026/07/28 09:33:12.904, 3, NVIDIA H200, 4, 143771, 0, 80.28
2026/07/28 09:33:12.904, 4, NVIDIA H200, 4, 143771, 0, 80.30
2026/07/28 09:33:12.904, 5, NVIDIA H200, 4, 143771, 0, 81.72
2026/07/28 09:33:12.904, 6, NVIDIA H200, 4, 143771, 0, 80.46
2026/07/28 09:33:12.904, 7, NVIDIA H200, 4, 143771, 0, 79.52
2026/07/28 09:33:14.904, 0, NVIDIA H200, 4, 143771, 0, 79.99
2026/07/28 09:33:14.905, 1, NVIDIA H200, 4, 143771, 0, 83.60
2026/07/28 09:33:14.905, 2, NVIDIA H200, 4, 143771, 0, 79.06
2026/07/28 09:33:14.905, 3, NVIDIA H200, 4, 143771, 0, 80.26
2026/07/28 09:33:14.905, 4, NVIDIA H200, 4, 143771, 0, 80.34
2026/07/28 09:33:14.905, 5, NVIDIA H200, 4, 143771, 0, 81.80
2026/07/28 09:33:14.906, 6, NVIDIA H200, 4, 143771, 0, 80.41
2026/07/28 09:33:14.906, 7, NVIDIA H200, 4, 143771, 0, 79.57
2026/07/28 09:33:16.906, 0, NVIDIA H200, 4, 143771, 0, 80.02
2026/07/28 09:33:16.917, 1, NVIDIA H200, 4, 143771, 0, 83.60
2026/07/28 09:33:16.921, 2, NVIDIA H200, 4, 143771, 0, 79.04
2026/07/28 09:33:16.926, 3, NVIDIA H200, 4, 143771, 0, 80.38
2026/07/28 09:33:16.931, 4, NVIDIA H200, 4, 143771, 0, 80.36
2026/07/28 09:33:16.937, 5, NVIDIA H200, 4, 143771, 0, 81.74
2026/07/28 09:33:16.945, 6, NVIDIA H200, 4, 143771, 0, 80.42
2026/07/28 09:33:16.957, 7, NVIDIA H200, 4, 143771, 0, 79.54
2026/07/28 09:33:18.963, 0, NVIDIA H200, 4, 143771, 0, 80.02
2026/07/28 09:33:19.036, 1, NVIDIA H200, 4, 143771, 0, 83.61
2026/07/28 09:33:19.041, 2, NVIDIA H200, 4, 143771, 0, 79.10
2026/07/28 09:33:19.042, 3, NVIDIA H200, 4, 143771, 0, 80.44
2026/07/28 09:33:19.045, 4, NVIDIA H200, 4, 143771, 0, 80.32
2026/07/28 09:33:19.047, 5, NVIDIA H200, 4, 143771, 0, 81.79
2026/07/28 09:33:19.049, 6, NVIDIA H200, 4, 143771, 0, 80.41
2026/07/28 09:33:19.059, 7, NVIDIA H200, 4, 143771, 0, 79.59
2026/07/28 09:33:21.061, 0, NVIDIA H200, 4, 143771, 0, 79.98
2026/07/28 09:33:21.061, 1, NVIDIA H200, 4, 143771, 0, 83.55
2026/07/28 09:33:21.061, 2, NVIDIA H200, 4, 143771, 0, 79.06
2026/07/28 09:33:21.061, 3, NVIDIA H200, 4, 143771, 0, 80.31
2026/07/28 09:33:21.061, 4, NVIDIA H200, 4, 143771, 0, 80.30
2026/07/28 09:33:21.061, 5, NVIDIA H200, 4, 143771, 0, 81.69
2026/07/28 09:33:21.061, 6, NVIDIA H200, 4, 143771, 0, 80.44
2026/07/28 09:33:21.061, 7, NVIDIA H200, 4, 143771, 0, 79.57
2026/07/28 09:33:23.061, 0, NVIDIA H200, 4, 143771, 0, 79.97
2026/07/28 09:33:23.061, 1, NVIDIA H200, 4, 143771, 0, 83.53
2026/07/28 09:33:23.061, 2, NVIDIA H200, 4, 143771, 0, 79.04
2026/07/28 09:33:23.062, 3, NVIDIA H200, 4, 143771, 0, 80.14
2026/07/28 09:33:23.062, 4, NVIDIA H200, 4, 143771, 0, 80.30
2026/07/28 09:33:23.062, 5, NVIDIA H200, 4, 143771, 0, 81.82
2026/07/28 09:33:23.062, 6, NVIDIA H200, 4, 143771, 0, 80.41
2026/07/28 09:33:23.062, 7, NVIDIA H200, 4, 143771, 0, 79.51
2026/07/28 09:33:25.062, 0, NVIDIA H200, 697, 143771, 3, 95.45
2026/07/28 09:33:25.062, 1, NVIDIA H200, 4, 143771, 0, 83.55
2026/07/28 09:33:25.062, 2, NVIDIA H200, 4, 143771, 0, 79.04
2026/07/28 09:33:25.062, 3, NVIDIA H200, 4, 143771, 0, 80.11
2026/07/28 09:33:25.062, 4, NVIDIA H200, 4, 143771, 0, 80.32
2026/07/28 09:33:25.062, 5, NVIDIA H200, 4, 143771, 0, 81.75
2026/07/28 09:33:25.062, 6, NVIDIA H200, 4, 143771, 0, 80.42
2026/07/28 09:33:25.062, 7, NVIDIA H200, 4, 143771, 0, 79.55
2026/07/28 09:33:27.063, 0, NVIDIA H200, 8475, 143771, 11, 125.91
2026/07/28 09:33:27.063, 1, NVIDIA H200, 4, 143771, 0, 83.58
2026/07/28 09:33:27.063, 2, NVIDIA H200, 4, 143771, 0, 79.03
2026/07/28 09:33:27.063, 3, NVIDIA H200, 4, 143771, 0, 80.12
2026/07/28 09:33:27.063, 4, NVIDIA H200, 4, 143771, 0, 80.29
2026/07/28 09:33:27.063, 5, NVIDIA H200, 4, 143771, 0, 81.77
2026/07/28 09:33:27.063, 6, NVIDIA H200, 4, 143771, 0, 80.43
2026/07/28 09:33:27.063, 7, NVIDIA H200, 4, 143771, 0, 79.54
2026/07/28 09:33:29.064, 0, NVIDIA H200, 8497, 143771, 0, 125.35
2026/07/28 09:33:29.064, 1, NVIDIA H200, 697, 143771, 0, 122.82
2026/07/28 09:33:29.064, 2, NVIDIA H200, 8475, 143771, 2, 121.31
2026/07/28 09:33:29.064, 3, NVIDIA H200, 4, 143771, 0, 80.14
2026/07/28 09:33:29.064, 4, NVIDIA H200, 4, 143771, 0, 80.25
2026/07/28 09:33:29.064, 5, NVIDIA H200, 4, 143771, 0, 81.72
2026/07/28 09:33:29.064, 6, NVIDIA H200, 8475, 143771, 6, 123.86
2026/07/28 09:33:29.064, 7, NVIDIA H200, 4, 143771, 0, 79.53
2026/07/28 09:33:31.064, 0, NVIDIA H200, 58507, 143771, 0, 124.79
2026/07/28 09:33:31.064, 1, NVIDIA H200, 8475, 143771, 12, 134.26
2026/07/28 09:33:31.064, 2, NVIDIA H200, 8497, 143771, 0, 121.98
2026/07/28 09:33:31.064, 3, NVIDIA H200, 697, 143771, 0, 121.51
2026/07/28 09:33:31.064, 4, NVIDIA H200, 697, 143771, 0, 126.91
2026/07/28 09:33:31.065, 5, NVIDIA H200, 697, 143771, 0, 122.51
2026/07/28 09:33:31.065, 6, NVIDIA H200, 8497, 143771, 0, 124.58
2026/07/28 09:33:31.065, 7, NVIDIA H200, 697, 143771, 0, 106.17
2026/07/28 09:33:33.065, 0, NVIDIA H200, 58563, 143771, 0, 126.72
2026/07/28 09:33:33.065, 1, NVIDIA H200, 8497, 143771, 0, 133.76
2026/07/28 09:33:33.065, 2, NVIDIA H200, 58507, 143771, 0, 121.50
2026/07/28 09:33:33.065, 3, NVIDIA H200, 8475, 143771, 9, 125.22
2026/07/28 09:33:33.065, 4, NVIDIA H200, 8475, 143771, 11, 128.01
2026/07/28 09:33:33.065, 5, NVIDIA H200, 8475, 143771, 9, 125.58
2026/07/28 09:33:33.066, 6, NVIDIA H200, 58507, 143771, 0, 123.97
2026/07/28 09:33:33.066, 7, NVIDIA H200, 8475, 143771, 9, 122.89
2026/07/28 09:33:35.066, 0, NVIDIA H200, 58563, 143771, 0, 125.49
2026/07/28 09:33:35.066, 1, NVIDIA H200, 58507, 143771, 0, 133.86
2026/07/28 09:33:35.066, 2, NVIDIA H200, 58563, 143771, 0, 122.71
2026/07/28 09:33:35.066, 3, NVIDIA H200, 8497, 143771, 0, 124.38
2026/07/28 09:33:35.066, 4, NVIDIA H200, 58505, 143771, 0, 131.14
2026/07/28 09:33:35.066, 5, NVIDIA H200, 8497, 143771, 0, 124.88
2026/07/28 09:33:35.066, 6, NVIDIA H200, 58563, 143771, 0, 126.07
2026/07/28 09:33:35.066, 7, NVIDIA H200, 58505, 143771, 0, 126.15
2026/07/28 09:33:37.066, 0, NVIDIA H200, 58563, 143771, 0, 125.51
2026/07/28 09:33:37.066, 1, NVIDIA H200, 58563, 143771, 0, 136.55
2026/07/28 09:33:37.067, 2, NVIDIA H200, 58563, 143771, 0, 121.60
2026/07/28 09:33:37.067, 3, NVIDIA H200, 58505, 143771, 0, 124.36
2026/07/28 09:33:37.067, 4, NVIDIA H200, 58509, 143771, 0, 126.88
2026/07/28 09:33:37.067, 5, NVIDIA H200, 58505, 143771, 0, 124.80
2026/07/28 09:33:37.067, 6, NVIDIA H200, 58563, 143771, 0, 124.03
2026/07/28 09:33:37.067, 7, NVIDIA H200, 58509, 143771, 0, 122.07
2026/07/28 09:33:39.067, 0, NVIDIA H200, 58563, 143771, 0, 125.54
2026/07/28 09:33:39.067, 1, NVIDIA H200, 58563, 143771, 0, 133.99
2026/07/28 09:33:39.067, 2, NVIDIA H200, 58563, 143771, 0, 121.60
2026/07/28 09:33:39.067, 3, NVIDIA H200, 58543, 143771, 0, 124.42
2026/07/28 09:33:39.067, 4, NVIDIA H200, 58563, 143771, 0, 129.06
2026/07/28 09:33:39.067, 5, NVIDIA H200, 58543, 143771, 0, 124.95
2026/07/28 09:33:39.067, 6, NVIDIA H200, 58563, 143771, 0, 124.07
2026/07/28 09:33:39.067, 7, NVIDIA H200, 58563, 143771, 0, 125.30
2026/07/28 09:33:41.067, 0, NVIDIA H200, 58563, 143771, 7, 126.35
2026/07/28 09:33:41.068, 1, NVIDIA H200, 58563, 143771, 7, 134.70
2026/07/28 09:33:41.068, 2, NVIDIA H200, 58563, 143771, 7, 122.35
2026/07/28 09:33:41.068, 3, NVIDIA H200, 58563, 143771, 7, 125.26
2026/07/28 09:33:41.068, 4, NVIDIA H200, 58563, 143771, 7, 127.75
2026/07/28 09:33:41.068, 5, NVIDIA H200, 58563, 143771, 7, 125.68
2026/07/28 09:33:41.068, 6, NVIDIA H200, 58563, 143771, 7, 124.85
2026/07/28 09:33:41.068, 7, NVIDIA H200, 58563, 143771, 7, 122.86
2026/07/28 09:33:43.068, 0, NVIDIA H200, 58563, 143771, 7, 126.43
2026/07/28 09:33:43.068, 1, NVIDIA H200, 58563, 143771, 7, 134.74
2026/07/28 09:33:43.068, 2, NVIDIA H200, 58563, 143771, 7, 122.33
2026/07/28 09:33:43.068, 3, NVIDIA H200, 58563, 143771, 7, 125.39
2026/07/28 09:33:43.068, 4, NVIDIA H200, 58563, 143771, 7, 127.79
2026/07/28 09:33:43.068, 5, NVIDIA H200, 58563, 143771, 7, 125.79
2026/07/28 09:33:43.068, 6, NVIDIA H200, 58563, 143771, 7, 124.87
2026/07/28 09:33:43.068, 7, NVIDIA H200, 58563, 143771, 7, 122.90
2026/07/28 09:33:45.069, 0, NVIDIA H200, 16881, 143771, 37, 138.13
2026/07/28 09:33:45.070, 1, NVIDIA H200, 8075, 143771, 47, 147.97
2026/07/28 09:33:45.071, 2, NVIDIA H200, 7725, 143771, 54, 136.04
2026/07/28 09:33:45.075, 3, NVIDIA H200, 7705, 143771, 42, 138.15
2026/07/28 09:33:45.077, 4, NVIDIA H200, 5687, 143771, 52, 141.21
2026/07/28 09:33:45.078, 5, NVIDIA H200, 8259, 143771, 25, 137.26
2026/07/28 09:33:45.080, 6, NVIDIA H200, 8045, 143771, 51, 138.91
2026/07/28 09:33:45.080, 7, NVIDIA H200, 4187, 143771, 64, 136.16
2026/07/28 09:33:47.081, 0, NVIDIA H200, 917, 143771, 0, 125.79
2026/07/28 09:33:47.081, 1, NVIDIA H200, 917, 143771, 0, 134.15
2026/07/28 09:33:47.082, 2, NVIDIA H200, 917, 143771, 0, 121.78
2026/07/28 09:33:47.082, 3, NVIDIA H200, 917, 143771, 0, 124.69
2026/07/28 09:33:47.082, 4, NVIDIA H200, 917, 143771, 0, 127.24
2026/07/28 09:33:47.082, 5, NVIDIA H200, 917, 143771, 0, 125.22
2026/07/28 09:33:47.082, 6, NVIDIA H200, 917, 143771, 0, 124.28
2026/07/28 09:33:47.082, 7, NVIDIA H200, 917, 143771, 0, 122.32
2026/07/28 09:33:49.082, 0, NVIDIA H200, 917, 143771, 0, 125.88
2026/07/28 09:33:49.082, 1, NVIDIA H200, 917, 143771, 0, 134.20
2026/07/28 09:33:49.082, 2, NVIDIA H200, 917, 143771, 0, 121.81
2026/07/28 09:33:49.082, 3, NVIDIA H200, 917, 143771, 0, 124.59
2026/07/28 09:33:49.082, 4, NVIDIA H200, 917, 143771, 0, 127.31
2026/07/28 09:33:49.082, 5, NVIDIA H200, 917, 143771, 0, 125.09
2026/07/28 09:33:49.082, 6, NVIDIA H200, 917, 143771, 0, 124.28
2026/07/28 09:33:49.082, 7, NVIDIA H200, 917, 143771, 0, 122.33
2026/07/28 09:33:51.083, 0, NVIDIA H200, 917, 143771, 0, 125.91
2026/07/28 09:33:51.083, 1, NVIDIA H200, 917, 143771, 0, 134.26
2026/07/28 09:33:51.083, 2, NVIDIA H200, 917, 143771, 0, 121.83
2026/07/28 09:33:51.083, 3, NVIDIA H200, 917, 143771, 0, 124.56
2026/07/28 09:33:51.083, 4, NVIDIA H200, 917, 143771, 0, 127.30
2026/07/28 09:33:51.083, 5, NVIDIA H200, 917, 143771, 0, 125.22
2026/07/28 09:33:51.083, 6, NVIDIA H200, 917, 143771, 0, 124.32
2026/07/28 09:33:51.083, 7, NVIDIA H200, 917, 143771, 0, 122.36
2026/07/28 09:33:53.083, 0, NVIDIA H200, 917, 143771, 0, 125.90
2026/07/28 09:33:53.083, 1, NVIDIA H200, 917, 143771, 0, 134.22
2026/07/28 09:33:53.083, 2, NVIDIA H200, 917, 143771, 0, 121.83
2026/07/28 09:33:53.083, 3, NVIDIA H200, 917, 143771, 0, 124.58
2026/07/28 09:33:53.083, 4, NVIDIA H200, 917, 143771, 0, 127.28
2026/07/28 09:33:53.083, 5, NVIDIA H200, 917, 143771, 0, 125.15
2026/07/28 09:33:53.083, 6, NVIDIA H200, 917, 143771, 0, 124.30
2026/07/28 09:33:53.083, 7, NVIDIA H200, 917, 143771, 0, 122.33
2026/07/28 09:33:55.084, 0, NVIDIA H200, 917, 143771, 0, 125.98
2026/07/28 09:33:55.084, 1, NVIDIA H200, 917, 143771, 0, 134.33
2026/07/28 09:33:55.084, 2, NVIDIA H200, 917, 143771, 0, 121.84
2026/07/28 09:33:55.084, 3, NVIDIA H200, 917, 143771, 0, 124.65
2026/07/28 09:33:55.084, 4, NVIDIA H200, 917, 143771, 0, 127.36
2026/07/28 09:33:55.084, 5, NVIDIA H200, 917, 143771, 0, 125.17
2026/07/28 09:33:55.084, 6, NVIDIA H200, 917, 143771, 0, 124.34
2026/07/28 09:33:55.084, 7, NVIDIA H200, 917, 143771, 0, 122.38
2026/07/28 09:33:57.084, 0, NVIDIA H200, 917, 143771, 0, 125.96
2026/07/28 09:33:57.084, 1, NVIDIA H200, 917, 143771, 0, 134.35
2026/07/28 09:33:57.085, 2, NVIDIA H200, 917, 143771, 0, 121.88
2026/07/28 09:33:57.085, 3, NVIDIA H200, 917, 143771, 0, 124.65
2026/07/28 09:33:57.085, 4, NVIDIA H200, 917, 143771, 0, 127.39
2026/07/28 09:33:57.085, 5, NVIDIA H200, 917, 143771, 0, 125.29
2026/07/28 09:33:57.085, 6, NVIDIA H200, 917, 143771, 0, 124.40
2026/07/28 09:33:57.085, 7, NVIDIA H200, 917, 143771, 0, 122.36
2026/07/28 09:33:59.085, 0, NVIDIA H200, 917, 143771, 0, 125.97
2026/07/28 09:33:59.085, 1, NVIDIA H200, 917, 143771, 0, 134.34
2026/07/28 09:33:59.085, 2, NVIDIA H200, 917, 143771, 0, 121.88
2026/07/28 09:33:59.085, 3, NVIDIA H200, 917, 143771, 0, 124.69
2026/07/28 09:33:59.085, 4, NVIDIA H200, 917, 143771, 0, 127.44
2026/07/28 09:33:59.086, 5, NVIDIA H200, 917, 143771, 0, 125.28
2026/07/28 09:33:59.086, 6, NVIDIA H200, 917, 143771, 0, 124.45
2026/07/28 09:33:59.086, 7, NVIDIA H200, 917, 143771, 0, 122.42
2026/07/28 09:34:01.086, 0, NVIDIA H200, 1443, 143771, 0, 126.03
2026/07/28 09:34:01.086, 1, NVIDIA H200, 917, 143771, 0, 134.42
2026/07/28 09:34:01.086, 2, NVIDIA H200, 917, 143771, 0, 121.93
2026/07/28 09:34:01.086, 3, NVIDIA H200, 917, 143771, 0, 124.74
2026/07/28 09:34:01.086, 4, NVIDIA H200, 917, 143771, 0, 127.54
2026/07/28 09:34:01.086, 5, NVIDIA H200, 917, 143771, 0, 125.40
2026/07/28 09:34:01.086, 6, NVIDIA H200, 917, 143771, 0, 124.50
2026/07/28 09:34:01.086, 7, NVIDIA H200, 917, 143771, 0, 122.41
2026/07/28 09:34:03.086, 0, NVIDIA H200, 1443, 143771, 0, 126.06
2026/07/28 09:34:03.087, 1, NVIDIA H200, 917, 143771, 0, 134.43
2026/07/28 09:34:03.087, 2, NVIDIA H200, 917, 143771, 0, 121.89
2026/07/28 09:34:03.087, 3, NVIDIA H200, 917, 143771, 0, 124.71
2026/07/28 09:34:03.087, 4, NVIDIA H200, 917, 143771, 0, 127.51
2026/07/28 09:34:03.087, 5, NVIDIA H200, 917, 143771, 0, 125.32
2026/07/28 09:34:03.087, 6, NVIDIA H200, 917, 143771, 0, 124.51
2026/07/28 09:34:03.087, 7, NVIDIA H200, 917, 143771, 0, 122.45
2026/07/28 09:34:05.087, 0, NVIDIA H200, 1443, 143771, 0, 126.10
2026/07/28 09:34:05.087, 1, NVIDIA H200, 917, 143771, 0, 134.51
2026/07/28 09:34:05.088, 2, NVIDIA H200, 917, 143771, 0, 121.98
2026/07/28 09:34:05.088, 3, NVIDIA H200, 917, 143771, 0, 124.83
2026/07/28 09:34:05.088, 4, NVIDIA H200, 917, 143771, 0, 127.53
2026/07/28 09:34:05.088, 5, NVIDIA H200, 917, 143771, 0, 125.46
2026/07/28 09:34:05.088, 6, NVIDIA H200, 917, 143771, 0, 124.60
2026/07/28 09:34:05.088, 7, NVIDIA H200, 917, 143771, 0, 122.50
2026/07/28 09:34:07.088, 0, NVIDIA H200, 1443, 143771, 0, 126.15
2026/07/28 09:34:07.089, 1, NVIDIA H200, 917, 143771, 0, 134.46
2026/07/28 09:34:07.089, 2, NVIDIA H200, 917, 143771, 0, 121.97
2026/07/28 09:34:07.089, 3, NVIDIA H200, 917, 143771, 0, 124.79
2026/07/28 09:34:07.089, 4, NVIDIA H200, 917, 143771, 0, 127.55
2026/07/28 09:34:07.089, 5, NVIDIA H200, 917, 143771, 0, 125.33
2026/07/28 09:34:07.089, 6, NVIDIA H200, 917, 143771, 0, 124.58
2026/07/28 09:34:07.089, 7, NVIDIA H200, 917, 143771, 0, 122.49
2026/07/28 09:34:09.089, 0, NVIDIA H200, 1443, 143771, 0, 126.11
2026/07/28 09:34:09.089, 1, NVIDIA H200, 917, 143771, 0, 134.51
2026/07/28 09:34:09.089, 2, NVIDIA H200, 917, 143771, 0, 121.99
2026/07/28 09:34:09.089, 3, NVIDIA H200, 917, 143771, 0, 124.82
2026/07/28 09:34:09.089, 4, NVIDIA H200, 917, 143771, 0, 127.60
2026/07/28 09:34:09.089, 5, NVIDIA H200, 917, 143771, 0, 125.37
2026/07/28 09:34:09.089, 6, NVIDIA H200, 917, 143771, 0, 124.60
2026/07/28 09:34:09.089, 7, NVIDIA H200, 917, 143771, 0, 122.50
2026/07/28 09:34:11.090, 0, NVIDIA H200, 1443, 143771, 0, 125.60
2026/07/28 09:34:11.090, 1, NVIDIA H200, 917, 143771, 0, 134.54
2026/07/28 09:34:11.090, 2, NVIDIA H200, 917, 143771, 0, 122.03
2026/07/28 09:34:11.090, 3, NVIDIA H200, 917, 143771, 0, 124.88
2026/07/28 09:34:11.090, 4, NVIDIA H200, 917, 143771, 0, 127.70
2026/07/28 09:34:11.090, 5, NVIDIA H200, 917, 143771, 0, 125.47
2026/07/28 09:34:11.090, 6, NVIDIA H200, 917, 143771, 0, 124.65
2026/07/28 09:34:11.090, 7, NVIDIA H200, 917, 143771, 0, 122.56
2026/07/28 09:34:13.090, 0, NVIDIA H200, 1443, 143771, 0, 125.62
2026/07/28 09:34:13.090, 1, NVIDIA H200, 917, 143771, 0, 134.57
2026/07/28 09:34:13.090, 2, NVIDIA H200, 917, 143771, 0, 122.02
2026/07/28 09:34:13.090, 3, NVIDIA H200, 917, 143771, 0, 124.93
2026/07/28 09:34:13.091, 4, NVIDIA H200, 917, 143771, 0, 127.73
2026/07/28 09:34:13.091, 5, NVIDIA H200, 917, 143771, 0, 125.44
2026/07/28 09:34:13.091, 6, NVIDIA H200, 917, 143771, 0, 124.66
2026/07/28 09:34:13.091, 7, NVIDIA H200, 917, 143771, 0, 122.57
2026/07/28 09:34:15.091, 0, NVIDIA H200, 1443, 143771, 0, 125.59
2026/07/28 09:34:15.092, 1, NVIDIA H200, 935, 143771, 0, 134.55
2026/07/28 09:34:15.092, 2, NVIDIA H200, 917, 143771, 0, 122.05
2026/07/28 09:34:15.093, 3, NVIDIA H200, 917, 143771, 0, 124.92
2026/07/28 09:34:15.093, 4, NVIDIA H200, 917, 143771, 0, 127.74
2026/07/28 09:34:15.094, 5, NVIDIA H200, 917, 143771, 0, 125.51
2026/07/28 09:34:15.094, 6, NVIDIA H200, 917, 143771, 0, 124.68
2026/07/28 09:34:15.094, 7, NVIDIA H200, 917, 143771, 0, 122.56
2026/07/28 09:34:17.094, 0, NVIDIA H200, 1443, 143771, 0, 125.65
2026/07/28 09:34:17.094, 1, NVIDIA H200, 1443, 143771, 0, 134.57
2026/07/28 09:34:17.095, 2, NVIDIA H200, 1443, 143771, 0, 122.08
2026/07/28 09:34:17.095, 3, NVIDIA H200, 1443, 143771, 1, 125.01
2026/07/28 09:34:17.095, 4, NVIDIA H200, 1443, 143771, 0, 127.74
2026/07/28 09:34:17.095, 5, NVIDIA H200, 1443, 143771, 0, 125.52
2026/07/28 09:34:17.095, 6, NVIDIA H200, 917, 143771, 0, 124.66
2026/07/28 09:34:17.095, 7, NVIDIA H200, 1443, 143771, 0, 122.58
2026/07/28 09:34:19.095, 0, NVIDIA H200, 1443, 143771, 0, 125.66
2026/07/28 09:34:19.095, 1, NVIDIA H200, 1443, 143771, 0, 134.57
2026/07/28 09:34:19.095, 2, NVIDIA H200, 1443, 143771, 0, 122.07
2026/07/28 09:34:19.095, 3, NVIDIA H200, 1443, 143771, 0, 124.99
2026/07/28 09:34:19.095, 4, NVIDIA H200, 1443, 143771, 0, 127.73
2026/07/28 09:34:19.095, 5, NVIDIA H200, 1443, 143771, 0, 125.53
2026/07/28 09:34:19.095, 6, NVIDIA H200, 917, 143771, 0, 124.72
2026/07/28 09:34:19.095, 7, NVIDIA H200, 1443, 143771, 0, 122.56
2026/07/28 09:34:21.095, 0, NVIDIA H200, 1443, 143771, 0, 125.74
2026/07/28 09:34:21.096, 1, NVIDIA H200, 1443, 143771, 0, 134.65
2026/07/28 09:34:21.097, 2, NVIDIA H200, 1443, 143771, 0, 122.08
2026/07/28 09:34:21.097, 3, NVIDIA H200, 1443, 143771, 0, 125.07
2026/07/28 09:34:21.097, 4, NVIDIA H200, 1443, 143771, 0, 127.85
2026/07/28 09:34:21.099, 5, NVIDIA H200, 1443, 143771, 0, 125.50
2026/07/28 09:34:21.100, 6, NVIDIA H200, 935, 143771, 0, 124.78
2026/07/28 09:34:21.100, 7, NVIDIA H200, 1443, 143771, 0, 122.64
2026/07/28 09:34:23.100, 0, NVIDIA H200, 1443, 143771, 0, 125.76
2026/07/28 09:34:23.100, 1, NVIDIA H200, 1443, 143771, 0, 134.63
2026/07/28 09:34:23.100, 2, NVIDIA H200, 1443, 143771, 0, 122.06
2026/07/28 09:34:23.100, 3, NVIDIA H200, 1443, 143771, 0, 125.01
2026/07/28 09:34:23.100, 4, NVIDIA H200, 1443, 143771, 0, 127.85
2026/07/28 09:34:23.100, 5, NVIDIA H200, 1443, 143771, 0, 125.51
2026/07/28 09:34:23.100, 6, NVIDIA H200, 1443, 143771, 0, 124.78
2026/07/28 09:34:23.101, 7, NVIDIA H200, 1443, 143771, 0, 122.61
2026/07/28 09:34:25.101, 0, NVIDIA H200, 1443, 143771, 0, 125.74
2026/07/28 09:34:25.101, 1, NVIDIA H200, 1443, 143771, 0, 134.64
2026/07/28 09:34:25.101, 2, NVIDIA H200, 1443, 143771, 0, 122.13
2026/07/28 09:34:25.101, 3, NVIDIA H200, 1443, 143771, 0, 125.06
2026/07/28 09:34:25.101, 4, NVIDIA H200, 1443, 143771, 0, 127.85
2026/07/28 09:34:25.101, 5, NVIDIA H200, 1443, 143771, 0, 125.60
2026/07/28 09:34:25.101, 6, NVIDIA H200, 1443, 143771, 0, 124.78
2026/07/28 09:34:25.101, 7, NVIDIA H200, 1443, 143771, 0, 122.62
2026/07/28 09:34:27.101, 0, NVIDIA H200, 1443, 143771, 0, 125.82
2026/07/28 09:34:27.101, 1, NVIDIA H200, 1443, 143771, 0, 134.67
2026/07/28 09:34:27.102, 2, NVIDIA H200, 1443, 143771, 0, 122.09
2026/07/28 09:34:27.102, 3, NVIDIA H200, 1443, 143771, 0, 125.12
2026/07/28 09:34:27.102, 4, NVIDIA H200, 1443, 143771, 0, 127.90
2026/07/28 09:34:27.102, 5, NVIDIA H200, 1443, 143771, 0, 125.55
2026/07/28 09:34:27.102, 6, NVIDIA H200, 1443, 143771, 0, 124.88
2026/07/28 09:34:27.102, 7, NVIDIA H200, 1443, 143771, 0, 122.63
2026/07/28 09:34:29.102, 0, NVIDIA H200, 1443, 143771, 0, 125.83
2026/07/28 09:34:29.102, 1, NVIDIA H200, 1443, 143771, 0, 134.69
2026/07/28 09:34:29.102, 2, NVIDIA H200, 1443, 143771, 0, 122.08
2026/07/28 09:34:29.102, 3, NVIDIA H200, 1443, 143771, 0, 125.10
2026/07/28 09:34:29.102, 4, NVIDIA H200, 1443, 143771, 0, 127.97
2026/07/28 09:34:29.102, 5, NVIDIA H200, 1443, 143771, 0, 125.63
2026/07/28 09:34:29.102, 6, NVIDIA H200, 1443, 143771, 0, 124.88
2026/07/28 09:34:29.102, 7, NVIDIA H200, 1443, 143771, 0, 122.62
2026/07/28 09:34:31.102, 0, NVIDIA H200, 17119, 143771, 0, 126.18
2026/07/28 09:34:31.104, 1, NVIDIA H200, 17119, 143771, 0, 135.02
2026/07/28 09:34:31.105, 2, NVIDIA H200, 17119, 143771, 0, 122.39
2026/07/28 09:34:31.105, 3, NVIDIA H200, 17119, 143771, 0, 125.42
2026/07/28 09:34:31.105, 4, NVIDIA H200, 17119, 143771, 0, 128.30
2026/07/28 09:34:31.105, 5, NVIDIA H200, 17119, 143771, 0, 125.85
2026/07/28 09:34:31.106, 6, NVIDIA H200, 17117, 143771, 1, 125.30
2026/07/28 09:34:31.106, 7, NVIDIA H200, 17119, 143771, 0, 122.98
2026/07/28 09:34:33.106, 0, NVIDIA H200, 16685, 143771, 1, 128.85
2026/07/28 09:34:33.106, 1, NVIDIA H200, 17165, 143771, 0, 137.21
2026/07/28 09:34:33.106, 2, NVIDIA H200, 16737, 143771, 100, 124.74
2026/07/28 09:34:33.106, 3, NVIDIA H200, 16737, 143771, 100, 128.91
2026/07/28 09:34:33.106, 4, NVIDIA H200, 16733, 143771, 100, 131.31
2026/07/28 09:34:33.106, 5, NVIDIA H200, 16733, 143771, 100, 128.59
2026/07/28 09:34:33.106, 6, NVIDIA H200, 16645, 143771, 100, 127.96
2026/07/28 09:34:33.107, 7, NVIDIA H200, 16405, 143771, 100, 126.56
2026/07/28 09:34:35.107, 0, NVIDIA H200, 19435, 143771, 1, 126.37
2026/07/28 09:34:35.107, 1, NVIDIA H200, 17179, 143771, 2, 135.18
2026/07/28 09:34:35.107, 2, NVIDIA H200, 17183, 143771, 2, 122.55
2026/07/28 09:34:35.107, 3, NVIDIA H200, 17183, 143771, 1, 125.75
2026/07/28 09:34:35.107, 4, NVIDIA H200, 17179, 143771, 2, 128.49
2026/07/28 09:34:35.107, 5, NVIDIA H200, 17179, 143771, 2, 126.21
2026/07/28 09:34:35.107, 6, NVIDIA H200, 17091, 143771, 1, 125.37
2026/07/28 09:34:35.107, 7, NVIDIA H200, 16851, 143771, 1, 123.13
2026/07/28 09:34:37.107, 0, NVIDIA H200, 19435, 143771, 2, 126.35
2026/07/28 09:34:37.108, 1, NVIDIA H200, 17179, 143771, 2, 135.15
2026/07/28 09:34:37.108, 2, NVIDIA H200, 17183, 143771, 2, 122.51
2026/07/28 09:34:37.108, 3, NVIDIA H200, 17183, 143771, 2, 125.69
2026/07/28 09:34:37.108, 4, NVIDIA H200, 17179, 143771, 2, 128.53
2026/07/28 09:34:37.108, 5, NVIDIA H200, 17179, 143771, 2, 126.08
2026/07/28 09:34:37.108, 6, NVIDIA H200, 17091, 143771, 1, 125.39
2026/07/28 09:34:37.108, 7, NVIDIA H200, 16851, 143771, 2, 123.09
2026/07/28 09:34:39.108, 0, NVIDIA H200, 19435, 143771, 2, 126.31
2026/07/28 09:34:39.108, 1, NVIDIA H200, 17179, 143771, 2, 135.12
2026/07/28 09:34:39.108, 2, NVIDIA H200, 17183, 143771, 1, 122.54
2026/07/28 09:34:39.108, 3, NVIDIA H200, 17183, 143771, 2, 125.74
2026/07/28 09:34:39.109, 4, NVIDIA H200, 17179, 143771, 13, 129.13
2026/07/28 09:34:39.109, 5, NVIDIA H200, 17179, 143771, 72, 126.68
2026/07/28 09:34:39.109, 6, NVIDIA H200, 17091, 143771, 1, 125.37
2026/07/28 09:34:39.109, 7, NVIDIA H200, 16851, 143771, 34, 123.68
2026/07/28 09:34:41.109, 0, NVIDIA H200, 19441, 143771, 4, 127.43
2026/07/28 09:34:41.110, 1, NVIDIA H200, 17185, 143771, 4, 135.51
2026/07/28 09:34:41.110, 2, NVIDIA H200, 17189, 143771, 4, 122.89
2026/07/28 09:34:41.110, 3, NVIDIA H200, 17189, 143771, 3, 126.29
2026/07/28 09:34:41.110, 4, NVIDIA H200, 17185, 143771, 3, 128.91
2026/07/28 09:34:41.110, 5, NVIDIA H200, 17185, 143771, 4, 126.33
2026/07/28 09:34:41.110, 6, NVIDIA H200, 17097, 143771, 4, 125.84
2026/07/28 09:34:41.110, 7, NVIDIA H200, 16857, 143771, 4, 123.39
2026/07/28 09:34:43.110, 0, NVIDIA H200, 19445, 143771, 3, 131.68
2026/07/28 09:34:43.110, 1, NVIDIA H200, 17189, 143771, 3, 139.52
2026/07/28 09:34:43.110, 2, NVIDIA H200, 17193, 143771, 2, 126.94
2026/07/28 09:34:43.110, 3, NVIDIA H200, 17193, 143771, 2, 130.30
2026/07/28 09:34:43.110, 4, NVIDIA H200, 17189, 143771, 3, 132.95
2026/07/28 09:34:43.110, 5, NVIDIA H200, 17189, 143771, 2, 130.39
2026/07/28 09:34:43.111, 6, NVIDIA H200, 17101, 143771, 3, 129.87
2026/07/28 09:34:43.111, 7, NVIDIA H200, 16861, 143771, 2, 127.72
2026/07/28 09:34:45.111, 0, NVIDIA H200, 19445, 143771, 2, 127.08
2026/07/28 09:34:45.111, 1, NVIDIA H200, 17189, 143771, 2, 135.06
2026/07/28 09:34:45.111, 2, NVIDIA H200, 17193, 143771, 1, 122.46
2026/07/28 09:34:45.111, 3, NVIDIA H200, 17193, 143771, 1, 125.63
2026/07/28 09:34:45.111, 4, NVIDIA H200, 17189, 143771, 2, 128.52
2026/07/28 09:34:45.111, 5, NVIDIA H200, 17189, 143771, 2, 126.09
2026/07/28 09:34:45.111, 6, NVIDIA H200, 17101, 143771, 1, 125.36
2026/07/28 09:34:45.111, 7, NVIDIA H200, 16861, 143771, 1, 123.07
2026/07/28 09:34:47.111, 0, NVIDIA H200, 19445, 143771, 2, 127.14
2026/07/28 09:34:47.112, 1, NVIDIA H200, 17189, 143771, 1, 135.10
2026/07/28 09:34:47.112, 2, NVIDIA H200, 17193, 143771, 2, 122.49
2026/07/28 09:34:47.112, 3, NVIDIA H200, 17193, 143771, 2, 125.55
2026/07/28 09:34:47.112, 4, NVIDIA H200, 17189, 143771, 1, 128.54
2026/07/28 09:34:47.112, 5, NVIDIA H200, 17189, 143771, 1, 125.96
2026/07/28 09:34:47.112, 6, NVIDIA H200, 17101, 143771, 1, 125.36
2026/07/28 09:34:47.112, 7, NVIDIA H200, 16861, 143771, 2, 123.06
2026/07/28 09:34:49.112, 0, NVIDIA H200, 21131, 143771, 5, 127.10
2026/07/28 09:34:49.112, 1, NVIDIA H200, 18875, 143771, 4, 135.71
2026/07/28 09:34:49.112, 2, NVIDIA H200, 18879, 143771, 4, 123.17
2026/07/28 09:34:49.112, 3, NVIDIA H200, 18879, 143771, 4, 126.04
2026/07/28 09:34:49.112, 4, NVIDIA H200, 18875, 143771, 4, 128.45
2026/07/28 09:34:49.112, 5, NVIDIA H200, 18875, 143771, 4, 125.93
2026/07/28 09:34:49.112, 6, NVIDIA H200, 18785, 143771, 3, 125.88
2026/07/28 09:34:49.112, 7, NVIDIA H200, 18547, 143771, 4, 123.73
2026/07/28 09:34:51.113, 0, NVIDIA H200, 21135, 143771, 0, 126.33
2026/07/28 09:34:51.113, 1, NVIDIA H200, 18879, 143771, 0, 134.98
2026/07/28 09:34:51.113, 2, NVIDIA H200, 18883, 143771, 0, 122.34
2026/07/28 09:34:51.113, 3, NVIDIA H200, 18883, 143771, 0, 125.36
2026/07/28 09:34:51.113, 4, NVIDIA H200, 18879, 143771, 0, 128.49
2026/07/28 09:34:51.113, 5, NVIDIA H200, 18879, 143771, 0, 125.89
2026/07/28 09:34:51.113, 6, NVIDIA H200, 18791, 143771, 0, 125.65
2026/07/28 09:34:51.113, 7, NVIDIA H200, 18551, 143771, 0, 122.92
2026/07/28 09:34:53.113, 0, NVIDIA H200, 5709, 143771, 2, 128.36
2026/07/28 09:34:53.113, 1, NVIDIA H200, 3453, 143771, 0, 135.66
2026/07/28 09:34:53.113, 2, NVIDIA H200, 3453, 143771, 0, 122.97
2026/07/28 09:34:53.113, 3, NVIDIA H200, 3453, 143771, 6, 127.11
2026/07/28 09:34:53.113, 4, NVIDIA H200, 3453, 143771, 2, 130.35
2026/07/28 09:34:53.113, 5, NVIDIA H200, 3453, 143771, 0, 126.74
2026/07/28 09:34:53.113, 6, NVIDIA H200, 4461, 143771, 6, 126.80
2026/07/28 09:34:53.114, 7, NVIDIA H200, 3213, 143771, 0, 123.40
2026/07/28 09:34:55.114, 0, NVIDIA H200, 14075, 143771, 21, 148.06
2026/07/28 09:34:55.114, 1, NVIDIA H200, 16559, 143771, 0, 155.50
2026/07/28 09:34:55.115, 2, NVIDIA H200, 15911, 143771, 0, 143.61
2026/07/28 09:34:55.116, 3, NVIDIA H200, 16499, 143771, 0, 149.97
2026/07/28 09:34:55.117, 4, NVIDIA H200, 15335, 143771, 27, 148.33
2026/07/28 09:34:55.119, 5, NVIDIA H200, 14275, 143771, 2, 145.87
2026/07/28 09:34:55.121, 6, NVIDIA H200, 16103, 143771, 53, 143.12
2026/07/28 09:34:55.123, 7, NVIDIA H200, 11579, 143771, 85, 141.41
2026/07/28 09:34:57.124, 0, NVIDIA H200, 64763, 143771, 1, 141.02
2026/07/28 09:34:57.124, 1, NVIDIA H200, 62507, 143771, 0, 147.69
2026/07/28 09:34:57.124, 2, NVIDIA H200, 62507, 143771, 0, 137.15
2026/07/28 09:34:57.124, 3, NVIDIA H200, 62507, 143771, 0, 140.65
2026/07/28 09:34:57.124, 4, NVIDIA H200, 62507, 143771, 0, 142.74
2026/07/28 09:34:57.124, 5, NVIDIA H200, 62507, 143771, 0, 138.53
2026/07/28 09:34:57.124, 6, NVIDIA H200, 62507, 143771, 0, 140.52
2026/07/28 09:34:57.124, 7, NVIDIA H200, 62267, 143771, 0, 139.23
2026/07/28 09:34:59.124, 0, NVIDIA H200, 64763, 143771, 0, 126.44
2026/07/28 09:34:59.124, 1, NVIDIA H200, 62507, 143771, 0, 134.97
2026/07/28 09:34:59.124, 2, NVIDIA H200, 62507, 143771, 0, 122.37
2026/07/28 09:34:59.125, 3, NVIDIA H200, 62507, 143771, 0, 125.46
2026/07/28 09:34:59.125, 4, NVIDIA H200, 62507, 143771, 0, 128.62
2026/07/28 09:34:59.125, 5, NVIDIA H200, 62507, 143771, 0, 125.23
2026/07/28 09:34:59.125, 6, NVIDIA H200, 62531, 143771, 24, 183.27
2026/07/28 09:34:59.125, 7, NVIDIA H200, 62291, 143771, 23, 177.80
2026/07/28 09:35:01.125, 0, NVIDIA H200, 19747, 143771, 0, 127.40
2026/07/28 09:35:01.125, 1, NVIDIA H200, 17491, 143771, 0, 136.06
2026/07/28 09:35:01.125, 2, NVIDIA H200, 17817, 143771, 1, 124.88
2026/07/28 09:35:01.126, 3, NVIDIA H200, 17817, 143771, 0, 128.43
2026/07/28 09:35:01.126, 4, NVIDIA H200, 17555, 143771, 0, 129.51
2026/07/28 09:35:01.126, 5, NVIDIA H200, 17555, 143771, 0, 127.01
2026/07/28 09:35:01.126, 6, NVIDIA H200, 17383, 143771, 0, 126.46
2026/07/28 09:35:01.126, 7, NVIDIA H200, 17143, 143771, 0, 124.04
2026/07/28 09:35:03.127, 0, NVIDIA H200, 20325, 143771, 82, 303.67
2026/07/28 09:35:03.127, 1, NVIDIA H200, 18069, 143771, 96, 378.17
2026/07/28 09:35:03.127, 2, NVIDIA H200, 18073, 143771, 69, 356.13
2026/07/28 09:35:03.127, 3, NVIDIA H200, 18073, 143771, 18, 363.46
2026/07/28 09:35:03.127, 4, NVIDIA H200, 18073, 143771, 44, 364.32
2026/07/28 09:35:03.127, 5, NVIDIA H200, 18073, 143771, 100, 363.89
2026/07/28 09:35:03.127, 6, NVIDIA H200, 17965, 143771, 100, 306.37
2026/07/28 09:35:03.127, 7, NVIDIA H200, 17725, 143771, 100, 381.65
2026/07/28 09:35:05.127, 0, NVIDIA H200, 20326, 143771, 47, 365.67
2026/07/28 09:35:05.141, 1, NVIDIA H200, 18070, 143771, 85, 366.71
2026/07/28 09:35:05.143, 2, NVIDIA H200, 18074, 143771, 86, 347.51
2026/07/28 09:35:05.144, 3, NVIDIA H200, 18074, 143771, 68, 364.27
2026/07/28 09:35:05.145, 4, NVIDIA H200, 18074, 143771, 100, 363.72
2026/07/28 09:35:05.148, 5, NVIDIA H200, 18074, 143771, 88, 353.72
2026/07/28 09:35:05.148, 6, NVIDIA H200, 17966, 143771, 94, 331.64
2026/07/28 09:35:05.151, 7, NVIDIA H200, 17726, 143771, 87, 354.81
2026/07/28 09:35:07.152, 0, NVIDIA H200, 20328, 143771, 0, 371.04
2026/07/28 09:35:07.152, 1, NVIDIA H200, 18072, 143771, 58, 353.96
2026/07/28 09:35:07.152, 2, NVIDIA H200, 18076, 143771, 33, 335.76
2026/07/28 09:35:07.152, 3, NVIDIA H200, 18076, 143771, 0, 352.15
2026/07/28 09:35:07.152, 4, NVIDIA H200, 18098, 143771, 75, 370.70
2026/07/28 09:35:07.152, 5, NVIDIA H200, 18098, 143771, 100, 362.38
2026/07/28 09:35:07.152, 6, NVIDIA H200, 17990, 143771, 12, 313.97
2026/07/28 09:35:07.153, 7, NVIDIA H200, 17750, 143771, 70, 355.96
2026/07/28 09:35:09.153, 0, NVIDIA H200, 21514, 143771, 15, 162.66
2026/07/28 09:35:09.153, 1, NVIDIA H200, 19258, 143771, 100, 173.48
2026/07/28 09:35:09.153, 2, NVIDIA H200, 19262, 143771, 44, 158.23
2026/07/28 09:35:09.153, 3, NVIDIA H200, 19262, 143771, 18, 164.41
2026/07/28 09:35:09.153, 4, NVIDIA H200, 18914, 143771, 3, 160.93
2026/07/28 09:35:09.153, 5, NVIDIA H200, 18914, 143771, 0, 154.13
2026/07/28 09:35:09.153, 6, NVIDIA H200, 18806, 143771, 7, 151.38
2026/07/28 09:35:09.153, 7, NVIDIA H200, 18566, 143771, 3, 159.67
2026/07/28 09:35:11.153, 0, NVIDIA H200, 26534, 143771, 0, 136.61
2026/07/28 09:35:11.154, 1, NVIDIA H200, 24326, 143771, 0, 147.17
2026/07/28 09:35:11.157, 2, NVIDIA H200, 24378, 143771, 0, 132.48
2026/07/28 09:35:11.158, 3, NVIDIA H200, 24378, 143771, 0, 136.16
2026/07/28 09:35:11.158, 4, NVIDIA H200, 24388, 143771, 0, 137.83
2026/07/28 09:35:11.158, 5, NVIDIA H200, 24388, 143771, 0, 135.50
2026/07/28 09:35:11.158, 6, NVIDIA H200, 24076, 143771, 0, 135.87
2026/07/28 09:35:11.158, 7, NVIDIA H200, 23596, 143771, 0, 134.78
2026/07/28 09:35:13.158, 0, NVIDIA H200, 22264, 143771, 7, 128.28
2026/07/28 09:35:13.158, 1, NVIDIA H200, 19448, 143771, 5, 136.65
2026/07/28 09:35:13.158, 2, NVIDIA H200, 20702, 143771, 5, 123.56
2026/07/28 09:35:13.158, 3, NVIDIA H200, 20312, 143771, 5, 127.72
2026/07/28 09:35:13.158, 4, NVIDIA H200, 20276, 143771, 5, 129.99
2026/07/28 09:35:13.158, 5, NVIDIA H200, 20180, 143771, 6, 127.50
2026/07/28 09:35:13.159, 6, NVIDIA H200, 20878, 143771, 0, 127.44
2026/07/28 09:35:13.159, 7, NVIDIA H200, 17792, 143771, 0, 125.22
2026/07/28 09:35:15.159, 0, NVIDIA H200, 6300, 143771, 5, 128.07
2026/07/28 09:35:15.159, 1, NVIDIA H200, 4044, 143771, 0, 136.41
2026/07/28 09:35:15.159, 2, NVIDIA H200, 4746, 143771, 7, 125.20
2026/07/28 09:35:15.159, 3, NVIDIA H200, 4044, 143771, 6, 129.08
2026/07/28 09:35:15.159, 4, NVIDIA H200, 4094, 143771, 6, 130.93
2026/07/28 09:35:15.159, 5, NVIDIA H200, 4044, 143771, 6, 128.65
2026/07/28 09:35:15.159, 6, NVIDIA H200, 6074, 143771, 41, 128.09
2026/07/28 09:35:15.159, 7, NVIDIA H200, 3784, 143771, 0, 124.52
2026/07/28 09:35:17.159, 0, NVIDIA H200, 14848, 143771, 0, 127.61
2026/07/28 09:35:17.160, 1, NVIDIA H200, 12592, 143771, 0, 136.02
2026/07/28 09:35:17.160, 2, NVIDIA H200, 15128, 143771, 0, 123.19
2026/07/28 09:35:17.160, 3, NVIDIA H200, 15128, 143771, 0, 128.10
2026/07/28 09:35:17.160, 4, NVIDIA H200, 12592, 143771, 0, 129.08
2026/07/28 09:35:17.161, 5, NVIDIA H200, 12592, 143771, 0, 127.10
2026/07/28 09:35:17.161, 6, NVIDIA H200, 12508, 143771, 0, 127.28
2026/07/28 09:35:17.161, 7, NVIDIA H200, 12268, 143771, 0, 124.41
2026/07/28 09:35:19.161, 0, NVIDIA H200, 63946, 143771, 0, 129.47
2026/07/28 09:35:19.162, 1, NVIDIA H200, 61690, 143771, 0, 137.48
2026/07/28 09:35:19.162, 2, NVIDIA H200, 61690, 143771, 0, 125.18
2026/07/28 09:35:19.162, 3, NVIDIA H200, 61690, 143771, 0, 127.22
2026/07/28 09:35:19.162, 4, NVIDIA H200, 61690, 143771, 0, 130.62
2026/07/28 09:35:19.162, 5, NVIDIA H200, 61690, 143771, 0, 127.50
2026/07/28 09:35:19.162, 6, NVIDIA H200, 61670, 143771, 0, 128.97
2026/07/28 09:35:19.162, 7, NVIDIA H200, 61430, 143771, 0, 126.12
2026/07/28 09:35:21.162, 0, NVIDIA H200, 63946, 143771, 0, 131.77
2026/07/28 09:35:21.163, 1, NVIDIA H200, 61690, 143771, 0, 140.25
2026/07/28 09:35:21.163, 2, NVIDIA H200, 61690, 143771, 0, 127.15
2026/07/28 09:35:21.163, 3, NVIDIA H200, 61690, 143771, 0, 127.05
2026/07/28 09:35:21.164, 4, NVIDIA H200, 61690, 143771, 0, 133.31
2026/07/28 09:35:21.164, 5, NVIDIA H200, 61690, 143771, 0, 130.09
2026/07/28 09:35:21.164, 6, NVIDIA H200, 61670, 143771, 0, 131.26
2026/07/28 09:35:21.164, 7, NVIDIA H200, 61430, 143771, 0, 128.40
2026/07/28 09:35:23.164, 0, NVIDIA H200, 60840, 143771, 2, 132.09
2026/07/28 09:35:23.165, 1, NVIDIA H200, 59704, 143771, 2, 140.40
2026/07/28 09:35:23.165, 2, NVIDIA H200, 59704, 143771, 1, 127.24
2026/07/28 09:35:23.165, 3, NVIDIA H200, 59704, 143771, 0, 127.02
2026/07/28 09:35:23.165, 4, NVIDIA H200, 60216, 143771, 2, 133.46
2026/07/28 09:35:23.165, 5, NVIDIA H200, 60216, 143771, 1, 130.29
2026/07/28 09:35:23.165, 6, NVIDIA H200, 60484, 143771, 4, 131.36
2026/07/28 09:35:23.165, 7, NVIDIA H200, 61430, 143771, 0, 128.42
2026/07/28 09:35:25.166, 0, NVIDIA H200, 1113, 143771, 65, 136.54
2026/07/28 09:35:25.251, 1, NVIDIA H200, 1113, 143771, 0, 141.65
2026/07/28 09:35:25.263, 2, NVIDIA H200, 1113, 143771, 41, 131.77
2026/07/28 09:35:25.275, 3, NVIDIA H200, 59671, 143771, 0, 131.56
2026/07/28 09:35:25.286, 4, NVIDIA H200, 59671, 143771, 0, 133.40
2026/07/28 09:35:25.291, 5, NVIDIA H200, 59671, 143771, 0, 130.23
2026/07/28 09:35:25.294, 6, NVIDIA H200, 59651, 143771, 0, 131.29
2026/07/28 09:35:25.299, 7, NVIDIA H200, 1145, 143771, 11, 128.46
2026/07/28 09:35:27.421, 0, NVIDIA H200, 1113, 143771, 0, 131.77
2026/07/28 09:35:30.112, 1, NVIDIA H200, 4, 143771, 0, 84.75
2026/07/28 09:35:32.596, 2, NVIDIA H200, 4, 143771, 0, 127.01
2026/07/28 09:35:32.600, 3, NVIDIA H200, 4, 143771, 0, 106.06
2026/07/28 09:35:32.605, 4, NVIDIA H200, 1113, 143771, 0, 133.25
2026/07/28 09:35:32.606, 5, NVIDIA H200, 1113, 143771, 0, 130.14
2026/07/28 09:35:32.606, 6, NVIDIA H200, 4, 143771, 0, 131.27
2026/07/28 09:35:32.609, 7, NVIDIA H200, 1113, 143771, 0, 128.26
